topic,word,probability
-1,max,0.0033960646430896595
-1,use,0.002244904008301027
-1,does,0.0021267128589851267
-1,time,0.0020997766111293757
-1,used,0.0020760196574817103
-1,windows,0.002063970871044304
-1,good,0.0020277920474592306
-1,ca,0.0020214055309582786
-1,nntp,0.0020130664685150336
-1,host,0.002008006918641863
-1,cs,0.0019989350907119157
-1,like,0.0019897599773903677
-1,know,0.0019884085784236828
-1,mail,0.001988181991797818
-1,posting,0.0019776560488651775
-1,just,0.0019660314481520116
-1,file,0.001964607291665204
-1,way,0.001964579038775195
-1,make,0.001961286366871053
-1,want,0.0019592447456381525
0,au,0.04214749732575602
0,australia,0.03238137760346058
0,monash,0.025506633673835755
0,gamma,0.023279126965246907
0,maria,0.01774438767428577
0,workspace,0.015771749569292545
0,uwa,0.013861315948910434
0,correction,0.012410278100526482
0,yoyo,0.012246728150411956
0,image,0.011313694935761018
0,darice,0.011049696623286977
0,cc,0.010277666452030312
0,islamic,0.009689853555453664
0,rice,0.009317974425242707
0,canberra,0.008838600580036219
0,2600,0.00873092402232247
0,managers,0.008703948740337674
0,melb,0.008699480929717888
0,tartarus,0.008652600826656877
0,saint,0.007932050080801245
1,henrik,0.0983031446556084
1,armenia,0.07308426878697712
1,armenians,0.0596460125404624
1,bm,0.05588369074076324
1,planes,0.05469824081107553
1,karabakh,0.04585481493535546
1,turkish,0.04481938794019333
1,azeris,0.04281229463401669
1,onur,0.04229357300796504
1,yalcin,0.04229357300796504
1,turkey,0.041726933468596364
1,kpc,0.03537764113714258
1,cyprus,0.02803356563299402
1,armenian,0.02724296853859317
1,esin,0.026996285878802657
1,azerbaijan,0.024699197570258773
1,ee,0.024286892702380998
1,quayle,0.024215715926841113
1,shoot,0.024072591027921458
1,hilmi,0.022943400894107603
2,turkish,0.03515362812792762
2,armenian,0.03483787241678855
2,armenians,0.028956726158495986
2,serdar,0.022695300737520317
2,argic,0.02257689693842257
2,turks,0.02058454962297101
2,genocide,0.02051414598571694
2,armenia,0.018100408644630545
2,soviet,0.017797247649788354
2,zuma,0.016589877597158832
2,sera,0.01607416921683087
2,turkey,0.013245786576493647
2,1920,0.012408182873702446
2,professor,0.01207570993959906
2,extermination,0.011869608698089765
2,ottoman,0.011718100277500833
2,istanbul,0.011305233284928896
2,muslim,0.010928876274663856
2,1919,0.01075726759556542
2,history,0.010552308068814686
3,monitors,0.05760092263007836
3,hours,0.05175343392261505
3,nevai,0.04873298268193976
3,mps,0.035338042533096505
3,day,0.03477118991303087
3,24,0.03064667623575893
3,ohio,0.03002869796963731
3,kept,0.028842192526723313
3,computers,0.02826820584251226
3,monitor,0.025494775211013274
3,peirce,0.025473457244090475
3,power,0.024840975100519105
3,turn,0.023567226055310496
3,292,0.023411806145003076
3,electricity,0.022412467685794128
3,614,0.021882326295481522
3,russotto,0.02162648851223459
3,harddisk,0.020897740005894123
3,heat,0.019450080132339426
3,paul,0.01744714273099621
4,water,0.0258282717271156
4,mwra,0.022434733534857785
4,israeli,0.01482506778683056
4,true,0.012487706957929511
4,ipser,0.011594584326018861
4,israel,0.011512276291398862
4,questions,0.01097492054379336
4,imprisonment,0.01048928438103957
4,slavery,0.010306841475989547
4,slaves,0.010158673758677997
4,dept,0.010158002518225196
4,publication,0.009985550928656979
4,slick,0.009902271689642349
4,slave,0.009566011746343901
4,citizens,0.009440365107035307
4,hojali,0.00901462295291118
4,cramer,0.008670789258238925
4,willie,0.00856039533833375
4,azerbaijan,0.008461871648220976
4,trial,0.008442896774522644
5,president,0.050577687294272894
5,stephanopoulos,0.04666999291603004
5,mr,0.034973462734983286
5,myers,0.032819665296479124
5,ms,0.021909790202348577
5,jobs,0.017815466879726218
5,going,0.014637760017571855
5,secretary,0.01421556956134893
5,dee,0.013884386823873891
5,administration,0.013070024798312617
5,clinton,0.01281874164565694
5,think,0.01115676648299659
5,decision,0.011003332694420633
5,press,0.010702680943804657
5,package,0.010507048401453962
5,house,0.010496707078143841
5,russia,0.010325731071332894
5,yesterday,0.010088304362021731
5,said,0.009887189919366378
5,attorney,0.00963613097603912
6,buffalo,0.0889412276593521
6,ra,0.06129631405505053
6,gb,0.026504180290457743
6,acsu,0.026150186017928713
6,cc,0.026071857841182423
6,ubvmsd,0.02504095780671466
6,ubvmsb,0.024888357741368657
6,jesus,0.021644139255750518
6,kt,0.019186945704249624
6,hammerl,0.018784606114347114
6,weiss,0.01769991919258268
6,psyrobtw,0.017651391909716662
6,vnews,0.01600570628519191
6,ubvms,0.015354284862616252
6,ye,0.015335872992401236
6,vax,0.013579089368092791
6,lds,0.013076862115240978
6,vasilion,0.013061958962221782
6,vms,0.012849082843753776
6,christ,0.012651152838095018
7,ibm,0.034798151478403684
7,file,0.03037983254986122
7,aix,0.017399141355632683
7,02p,0.016838007554896957
7,0i,0.016417449679457477
7,kingston,0.015076563825639096
7,gun,0.013935061101712535
7,vnet,0.012647291463236718
7,mjones,0.012563536046584086
7,congress,0.012524052893409987
7,rkba,0.011700151186277295
7,102nd,0.011596770428235908
7,represents,0.011265509733466482
7,firearms,0.011265419081262303
7,watson,0.009987229751717897
7,poster,0.009803365280728414
7,rchland,0.009770787713809917
7,morris,0.009099827511375893
7,views,0.008672516497621161
7,1991,0.008528739928396515
8,oracle,0.16681836724602608
8,ebosco,0.05186122612517778
8,unauthenticated,0.04091995722176559
8,shores,0.03563478384329184
8,user,0.03476178229394439
8,redwood,0.033815745422577946
8,corporation,0.026915814325350427
8,eric,0.02426803212218777
8,expressed,0.02378354394123565
8,bosco,0.023297698340936073
8,necessarily,0.021890930613409503
8,hz,0.0205431531619368
8,monica,0.020128111558707536
8,disclaimer,0.01990824805881725
8,written,0.019152119293423895
8,emm386,0.017902577227925702
8,corp,0.017474259229457455
8,drive,0.017391047380312018
8,speakers,0.016880067827477047
8,scsi,0.01606952829971436
9,convex,0.13822279772574164
9,user,0.04162810551961229
9,corp,0.0362092171676728
9,richardson,0.033447634582377525
9,expressed,0.02848138994842521
9,necessarily,0.02621493805443541
9,tx,0.02584388200497068
9,disclaimer,0.023840626004019087
9,computer,0.022613004523446213
9,written,0.020969273469133645
9,opinions,0.019404437534904423
9,message,0.017809276103283523
9,gardner,0.01775198352204908
9,tobias,0.016528561094102112
9,ericsson,0.016246048506766555
9,usa,0.014302309669234374
9,visser,0.012653562225034174
9,gas,0.011239693922275619
9,wagon,0.010733321678895616
9,engineering,0.010218236998901405
10,nyx,0.07657188381412443
10,denver,0.06665404223894071
10,du,0.037013794728254085
10,unix,0.02660061570940562
10,responsibility,0.023724041365920042
10,cs,0.022986643933208567
10,public,0.02221620309391676
10,access,0.02173906782895507
10,community,0.019405797117642426
10,kcochran,0.018899465644073382
10,math,0.01738167692655411
10,n0nzo,0.016216304906040438
10,disclaimer,0.015745356928452903
10,quicken,0.015671548073628933
10,rcanders,0.015486026079560587
10,users,0.015274083314616093
10,dept,0.013929469464658792
10,control,0.012504369582646982
10,opinions,0.012459524182936173
10,cochran,0.011798592977950221
11,tu,0.06000863732460036
11,dresden,0.05751729604587628
11,inf,0.0466900925753967
11,beck,0.03722779091792604
11,germany,0.03163057407340211
11,uni,0.026505042017231115
11,andre_beck,0.02649123901381783
11,irzr17,0.026409458097771957
11,irs,0.02430963374690678
11,andre,0.024007101273532932
11,dortmund,0.02165667645652142
11,muenchen,0.020826623233863837
11,informatik,0.01866429340794338
11,berlin,0.017902968451981173
11,abpsoft,0.01516353071221372
11,mehl,0.01516353071221372
11,xclrp,0.013226213796953394
11,german,0.012786943936537308
11,spitz,0.011503622250167165
11,window,0.011035400151939094
12,hamburg,0.13939025215594655
12,bontchev,0.11588764459857882
12,informatik,0.08515502336420647
12,vesselin,0.07796335873161128
12,fbihh,0.07493729767280116
12,54715,0.056896591068360425
12,uni,0.0505514326005873
12,virus,0.044127896538190374
12,49,0.032006966286757546
12,vladimirov,0.03162544074683084
12,vogt,0.03162544074683084
12,fachbereich,0.03162544074683084
12,koelln,0.03162544074683084
12,agn,0.031166693037631532
12,strasse,0.030014755245664045
12,test,0.027945150743405846
12,224,0.025648101115587518
12,226,0.025583083690108723
12,proposal,0.02514258937077541
12,107,0.02444551472383431
13,clinton,0.03833399721100788
13,trincoll,0.035872987885064475
13,joins,0.03219494606121219
13,genocidal,0.0300739685684074
13,socialist,0.03005601391755747
13,sociopaths,0.02333984409700843
13,baptists,0.02290968272232163
13,stockpiling,0.02179473370605233
13,handheld,0.021606310781789765
13,kusmierczak,0.020947889938602818
13,btr,0.02022407537480165
13,leaders,0.02005881164730676
13,banging,0.019916690291856286
13,batf,0.01864876987340559
13,cult,0.01745122784698642
13,starbase,0.01670672667678286
13,soup,0.016364059087372592
13,marrying,0.016038228794409158
13,cheapen,0.015699132710429674
13,joe,0.015075304503448779
14,oil,0.12444557904047245
14,drain,0.042332022638823484
14,ohio,0.038031841948031636
14,changing,0.034114501540667815
14,magnus,0.033284385549664924
14,orlin,0.029062772096734378
14,sorlin,0.029062772096734378
14,acs,0.027782189499643725
14,plug,0.02719874426635308
14,bolt,0.025712727695295083
14,self,0.021323005665774594
14,miles,0.02082818949722681
14,change,0.01990717894191099
14,engine,0.01986775379473755
14,1993apr15,0.01973728590950387
14,cars,0.01910838956348148
14,wrench,0.018981862170261224
14,state,0.01837440607293813
14,car,0.016692981981673252
14,quarts,0.016692967134400508
15,baseball,0.016310234585280747
15,game,0.01490377057513548
15,03,0.011319244021580972
15,games,0.01066658739074639
15,players,0.010455803016239081
15,02,0.009830422129033683
15,braves,0.0096953541959921
15,04,0.009243542386104154
15,cubs,0.009042069363006324
15,runs,0.008861577886025474
15,espn,0.008770315152193628
15,pitching,0.00837648457965918
15,team,0.008332392995011133
15,year,0.008108534875373835
15,sox,0.007990540665778048
15,hit,0.007664411130344024
15,phillies,0.007541623396141011
15,league,0.007407516669915139
15,pitcher,0.006839402652621562
15,ball,0.006704657344935949
16,dog,0.15412911371844165
16,dogs,0.06149264320790566
16,ikkoku,0.02037011941235111
16,bike,0.020149355914918857
16,dod,0.017771866937095163
16,cua,0.017476846605774702
16,springer,0.017064603540622707
16,panda,0.016978312716751306
16,heathman,0.016592743318721404
16,trained,0.01575310959973623
16,kan,0.015168536480553517
16,riding,0.014887019032623645
16,604,0.014587182914340833
16,compdyn,0.01434058813411479
16,questor,0.014242576142469519
16,mrc,0.014148408763950238
16,chase,0.013575993341513267
16,mmaser,0.013251769481954445
16,parr,0.013205883666057664
16,cousineau,0.013038802119832596
17,openwindows,0.016738819150766453
17,ca,0.014412163589501842
17,canada,0.01149233328461938
17,xview,0.011405815159641688
17,gainey,0.00942973157051979
17,uvic,0.008579270503408483
17,vancouver,0.006967040470472316
17,olit,0.006649515306582809
17,hockey,0.006520157071258734
17,player,0.006377942983749829
17,sco,0.006346633701094277
17,x11,0.006339451268517768
17,usr,0.005803190959367512
17,team,0.00574600877184517
17,victoria,0.00560257505424586
17,openwinhome,0.005522316527109147
17,ftp,0.00547383353323714
17,look,0.005383099677081015
17,risc,0.0053518934273870606
17,bc,0.0050876552726085685
18,pit,0.22548190095409001
18,det,0.11161945626256156
18,chi,0.09225551435132616
18,bos,0.0863295173626247
18,vs,0.06453107146762027
18,tor,0.047774045776296584
18,cal,0.047325937845089684
18,que,0.03928369616941653
18,van,0.03608699779589463
18,quebec,0.030235722830548487
18,finals,0.029334548928411447
18,lamar,0.027353749999541082
18,pitt,0.02617897788655124
18,playoff,0.024013098880040242
18,round,0.023815345522572272
18,montreal,0.022829258364351658
18,downec,0.022671881275097085
18,mon,0.022446491680618914
18,detroit,0.02214880896138625
18,lak,0.02176267527324707
19,hockey,0.017549334424672554
19,nhl,0.015175467975571401
19,team,0.01316101638373666
19,55,0.012567428933298277
19,game,0.012095831610041212
19,play,0.009874950624360529
19,period,0.009657745533173178
19,season,0.008960849305471618
19,gm,0.008634410138110478
19,tor,0.00859575130506765
19,det,0.008565967401070351
19,25,0.008335648345040931
19,bos,0.008168323636484938
19,leafs,0.007991810469588521
19,11,0.007796980135023113
19,nyi,0.0075220645448781254
19,nyr,0.007413242243656833
19,pit,0.007347736979007324
19,flyers,0.007220421584249128
19,10,0.00718756837980342
20,dumbest,0.0364198780640558
20,automotive,0.032783856544597305
20,concepts,0.027143599126273687
20,lights,0.022258354546854528
20,continental,0.02137331684235824
20,car,0.019123249080155818
20,fake,0.01798597135907187
20,callison,0.016052274296306932
20,uoknor,0.01482074749890387
20,pockets,0.013929098149090428
20,stalk,0.013506125783557138
20,nancy,0.013152810364528148
20,trunk,0.012909729145995313
20,ecn,0.0126452345946981
20,cars,0.012276703425690346
20,backing,0.011465236884996462
20,reverse,0.011401396539855854
20,cigarette,0.01135951872430133
20,wheel,0.010920653505717868
20,ashtrays,0.010874507391164608
21,microsoft,0.049261801100073666
21,os,0.04039708760834268
21,challenge,0.029953712065182946
21,supporters,0.029171994106049502
21,uc,0.022808603562223573
21,inferior,0.021949161632394947
21,ms,0.021484692642444313
21,windows,0.02143740207603518
21,duke,0.019840529837585826
21,ferrell,0.019762163297599788
21,bferrell,0.018476993290878475
21,msw3,0.01773779409663943
21,occ,0.017178069469597098
21,bollacker,0.017178069469597098
21,kdb,0.01693899711222839
21,brett,0.016034113583669445
21,dos,0.015517976011738535
21,uceng,0.015056523856686058
21,sunbar,0.014213071762214211
21,kurt,0.013764248684139908
22,hades,0.12492803546587011
22,dartmouth,0.10665899885161761
22,coos,0.048839211662864285
22,hanover,0.04664511015411645
22,moderator,0.04214482572856198
22,fpu,0.04125204846487024
22,hughes,0.03974898910592156
22,arts,0.039055646612027824
22,nh,0.03845307237139124
22,comics,0.038348246963148556
22,vram,0.037991853271695894
22,040,0.03537598776319553
22,simms,0.033759177888746536
22,personally,0.03164767435376717
22,rec,0.03009746033836192
22,apple,0.030056964567581144
22,centris,0.026434708604613142
22,speak,0.026302452266106918
22,disclaimer,0.025526473002178862
22,brian,0.025367113760049208
23,uic,0.05410545531347514
23,uicvm,0.049392368202048495
23,jason,0.04530089308324799
23,u28037,0.04412112191076399
23,kratz,0.04160906330791947
23,freeman,0.035341361930049844
23,concealed,0.033450412738661596
23,illinois,0.032252459185435636
23,gun,0.031919096150210706
23,glock,0.028567097697383477
23,andy,0.02655747649557565
23,gang,0.025205428293139154
23,newshost,0.024398541521261776
23,academic,0.023353011797059838
23,carry,0.021909601996689287
23,chicago,0.020730325082482088
23,stanford,0.018971371164778573
23,semi,0.01872226666451433
23,revolver,0.01832226835914649
23,glocks,0.017978779223605156
24,br,0.07235113223219847
24,isc,0.06527682390522875
24,thor,0.051432543167247505
24,steveh,0.050246475053498295
24,hendricks,0.04224345954552402
24,government,0.03804248385972803
24,libertarians,0.03283282214960125
24,limiting,0.02382561222769587
24,libertarianism,0.02312177967138186
24,steve,0.02275452209964038
24,regulation,0.021637942238242426
24,grinch,0.021237469698003247
24,govt,0.021199341915855582
24,libertarian,0.021053576363768665
24,employment,0.02036738228087765
24,concentrate,0.018755728608526437
24,tamu,0.016670583713261262
24,tijc02,0.013960658475660833
24,hofferbert,0.013401031888790741
24,8826,0.013401031888790741
25,jsn104,0.07548686540738073
25,psuvm,0.07494926377776247
25,hell,0.06115121641754999
25,psu,0.05928446591030646
25,prepared,0.057994601047068925
25,damnation,0.056271850208629445
25,blashephemers,0.05447553331680062
25,kaflowitz,0.039786206837431864
25,dean,0.03806388212014804
25,eternal,0.037608310125095
25,videocart,0.03505707380130012
25,believing,0.03468035488901339
25,cbnewsj,0.027545992732459546
25,hq,0.025985335838232988
25,wear,0.025284314896114393
25,tammy,0.02528064204577353
25,decay,0.024033253044371768
25,cb,0.023981562111753073
25,healta,0.023716409375025223
25,draft,0.023101461016662633
26,sky,0.07053011549127614
26,vandalizing,0.03278435805089683
26,enzo,0.030730589851824117
26,night,0.02409610033567739
26,canon,0.019827537372925454
26,light,0.019196773157404517
26,pollution,0.01849992717860848
26,cook,0.01802557549995531
26,billboard,0.017930202047203723
26,oz,0.017026437642176658
26,cso,0.01612696068138028
26,liguori,0.015343249304986201
26,nasa,0.015277973268764814
26,db6,0.014554653432307135
26,c5t05k,0.014554653432307135
26,hideous,0.014519771045639607
26,space,0.014199445846017227
26,krumins,0.01385290157508796
26,jeff,0.013486619934966472
26,uiuc,0.01337111650356287
27,jaeger,0.04215223250523384
27,gregg,0.03569071932275411
27,islamic,0.02725782856279299
27,mormons,0.025638376166698063
27,buphy,0.02385223991818888
27,bu,0.023119034924724037
27,khomeini,0.020078559284786836
27,mormon,0.017481832325094412
27,islam,0.015423789119896713
27,rushdie,0.015333344845711779
27,qur,0.010931565735848971
27,bcci,0.010708325937504613
27,law,0.010535187298778895
27,cjf,0.009852753403417944
27,fatwa,0.00943922577489235
27,claim,0.009396905908414443
27,jews,0.00912461525761975
27,physics,0.008932653930236364
27,authorities,0.008647784729788676
27,bd,0.008443782192875405
28,cleveland,0.034077141636654956
28,cwru,0.026221618638270737
28,ohio,0.022016351753172084
28,freenet,0.020788267524022273
28,ins,0.01896707958692659
28,reserve,0.017924029858878008
28,magnus,0.016896909183230356
28,western,0.014365116591249066
28,previous,0.014109866176405155
28,acs,0.013943434971185172
28,po,0.013793908659363334
28,aas7,0.012835671816844398
28,oh,0.012391375222350974
28,hela,0.012107203313567209
28,state,0.011963441482304856
28,says,0.01046137230130206
28,case,0.01009698768481316
28,usa,0.009730182221594172
28,spencer,0.009083756706996812
28,rosicrucian,0.009033772972202928
29,washington,0.059424698518497195
29,seattle,0.034357680633494744
29,carson,0.024719432108555327
29,gre,0.020929070747017983
29,stein,0.01997484809030646
29,whitmore,0.013318421497968089
29,religion,0.011279041963304145
29,chicogo,0.010048301532707533
29,allah,0.009978651022656762
29,206,0.009957684616660419
29,gate,0.009926604208591025
29,atmos,0.009823195357098425
29,yuri,0.009823195357098425
29,pramod,0.009411224337674837
29,logic,0.009379822865950588
29,oversampling,0.00919089939562453
29,mischief,0.008937648188229171
29,pvc,0.00886102455094854
29,car,0.00879309999309656
29,hardy,0.008771910452305787
30,apple,0.06400298652676234
30,sound,0.023951517850082135
30,fpu,0.022910630817294296
30,cd,0.019954386120706973
30,c650,0.019509046637164885
30,umcc,0.017798196215310404
30,cd300i,0.017182773338946526
30,soundbase,0.016343182731026706
30,mac,0.015297211696673425
30,stereo,0.015273753878196196
30,ferch,0.014952215965904733
30,vram,0.014927875751487449
30,quadra,0.014106436923211924
30,brochures,0.013621896935279402
30,gc,0.012216160231883063
30,alan,0.012099015807910554
30,break,0.012025951050313219
30,pinghua,0.011633464723629156
30,mono,0.01155761333018268
30,channel,0.011417609265694918
31,rind,0.07091531592640175
31,harvard,0.06333616705721948
31,bih,0.054221941946045
31,enterprise,0.048044924404930085
31,candida,0.03912867999235405
31,yeast,0.03318786544017655
31,quack,0.02885186981554133
31,israel,0.028360060721773658
31,adam,0.026249365704678986
31,albicans,0.024249119461057598
31,yogurt,0.024149785246308054
31,infections,0.01639688152002592
31,medical,0.016315077903327344
31,shostack,0.016036116176834515
31,beth,0.015964341425120463
31,systemic,0.015509275495828988
31,david,0.014928139015879518
31,boston,0.013787443430598758
31,oct,0.01372133576929216
31,arabs,0.013393230090966162
32,survivors,0.03033035774628205
32,atf,0.030291962187382126
32,dividian,0.0293203440428589
32,ranch,0.027513319958763716
32,burns,0.025898964797775287
32,stove,0.02419110481796033
32,irvine,0.023464610973798438
32,stratus,0.021113238686154563
32,kent,0.021072975208014957
32,wpi,0.018778622394414052
32,mcs,0.01820013462225249
32,cdt,0.01727903114904977
32,dusek,0.015724535051520622
32,brent,0.014956295471762852
32,uxh,0.014591459203907725
32,sw,0.014421729356150152
32,mhamilto,0.014198180994159357
32,lawnmowerman,0.014198180994159357
32,electric,0.013844298965477526
32,handheld,0.01346131340258211
33,cooling,0.09106805850153403
33,towers,0.08206106281045655
33,nuclear,0.08153715046059679
33,plants,0.0732404225307226
33,water,0.06982149213278828
33,steam,0.04685777065329711
33,fossil,0.039566737910609884
33,reactor,0.029317185020244645
33,fuel,0.02805216381059222
33,plant,0.027509527020004438
33,cylinders,0.02643638778761781
33,tower,0.025027858066872268
33,uts,0.024236777924119195
33,uranium,0.024192991672475295
33,hot,0.023731756407077514
33,turbine,0.023002060535580814
33,cool,0.02254141414391521
33,boiler,0.020910964123255285
33,s87271077,0.01977060687241435
33,site,0.019035784780470074
34,nasa,0.02131575956715726
34,space,0.020589738437423885
34,gov,0.012945132202451444
34,orbit,0.00906274550654917
34,launch,0.008879776759580037
34,henry,0.008579473270933998
34,moon,0.008474659066334248
34,shuttle,0.008221491403684932
34,mission,0.008054328993503071
34,jpl,0.007979337189897821
34,earth,0.007976851516031077
34,spacecraft,0.007216564156417444
34,satellite,0.0065887965756292275
34,solar,0.006205855879657414
34,mars,0.005832349186663308
34,alaska,0.005791610237050222
34,hst,0.005591771323236264
34,lunar,0.005579121644942142
34,toronto,0.0054262612921217425
34,propulsion,0.005183439500580407
35,oregon,0.06592081325921233
35,uoregon,0.03425923336897369
35,reitman,0.03268399588243279
35,baer,0.028784239983865097
35,tenants,0.0214071530525511
35,qiclab,0.021067532792672553
35,teel,0.020895306365518417
35,jointly,0.020354205002805364
35,survivor,0.01938182719786327
35,thereof,0.01805261171310649
35,glutamate,0.01805261171310649
35,daniel,0.017761416318975615
35,playmation,0.01727054399031906
35,dreitman,0.01727054399031906
35,ohsu,0.016959098798130363
35,anisko,0.01571491995483321
35,scn,0.015363118517948592
35,contract,0.01448607493417558
35,2d,0.014412494624010511
35,equal,0.014398511868886434
36,andrew,0.03964132385964931
36,cmu,0.030090768672452285
36,carnegie,0.020847720006871098
36,mellon,0.020727665005376532
36,pittsburgh,0.018661334983297775
36,pa,0.016933104219272643
36,psu,0.013123300512843052
36,psuvm,0.012387860240389853
36,upenn,0.011116071445836572
36,chronic,0.010122259399349251
36,consortium,0.009008266873671227
36,nanci,0.008912156780370602
36,winfield,0.008547193820378458
36,nm0w,0.008345546301747896
36,henderson,0.008065352382248385
36,conference,0.007853184695756701
36,penn,0.00781731468449998
36,hepatitis,0.007585979883816108
36,penguins,0.007389763078786969
36,412,0.007149744421951554
37,bnr,0.036430230900780326
37,npet,0.029753541528433385
37,pettefar,0.02966029726659863
37,nick,0.027340227787342086
37,maidenhead,0.017946988958655694
37,njin,0.015026389088058647
37,karr,0.014784366586650041
37,heroin,0.014610297828321349
37,gajarsky,0.014517609012890214
37,drugs,0.014273886219842047
37,hernlem,0.012805896358705667
37,andersom,0.01234035123601321
37,141959,0.012279871662645096
37,kkruse,0.012279871662645096
37,wibbled,0.012255922895478014
37,4057,0.011955888285056409
37,islands,0.011868472190404928
37,biker,0.011687954600991278
37,pilot,0.011124190606981211
37,cuurrently,0.010949503993862294
38,objective,0.05413986958462823
38,morality,0.04499960834335132
38,frank,0.030523931260689995
38,values,0.028031457526973294
38,moral,0.024640665944685336
38,d012s658,0.023707002714213776
38,dwyer,0.02333173353868975
38,2000,0.02305067861291539
38,mchp,0.01766532247272109
38,sni,0.017376944604642855
38,halat,0.016635388658576274
38,horus,0.01630658945927053
38,christian,0.015735757523851143
38,say,0.01568729138835315
38,ap,0.014855806071285107
38,mathew,0.01400730608056463
38,cobb,0.013720397185905757
38,subjective,0.012258419942899737
38,mantis,0.01200302672605826
38,morals,0.011739128385391451
39,wsm,0.026369549454132574
39,nextstep,0.02230986788713842
39,drivers,0.018912134078956488
39,cirrus,0.018486223336118855
39,vl24,0.013733308413084674
39,weatherbee,0.013733308413084674
39,bitblaster,0.013733308413084674
39,oliver,0.013729525977429349
39,drive,0.01343738813441833
39,windows,0.012425417850238865
39,ati,0.012403118378125954
39,winmarks,0.01240249186835058
39,micron,0.012349428272678287
39,cards,0.011668478698919323
39,brahms,0.01159670300916989
39,graphic,0.011334266206719793
39,gd5426,0.011225335161613684
39,zip,0.010118420151763612
39,mcs,0.01011176072705589
39,drexel,0.01008339454697392
40,firearms,0.02386683247082232
40,ifas,0.015535210318671056
40,gnv,0.015499515704009138
40,gun,0.014149724763892315
40,witnesses,0.01411484671477509
40,guns,0.013442563941243093
40,ufl,0.012346749504614509
40,ban,0.012260407964423124
40,trial,0.01222526220158975
40,batf,0.011943891488160163
40,smuggle,0.011497752863918931
40,criminals,0.010587711069225441
40,rkba,0.01011159490454664
40,jrm,0.010056342584906312
40,police,0.009781144827320115
40,officers,0.008634567027331015
40,pound,0.008456725721872322
40,gm,0.008346287123446903
40,violent,0.007585103698553123
40,dollar,0.007447412200102315
41,scsi,0.11738042246522529
41,unm,0.032098245264163584
41,arizona,0.028560226763719703
41,bit,0.019827141731667126
41,mexico,0.01979820855178949
41,burst,0.018385684741248347
41,asynchronous,0.01795914702625917
41,ide,0.01741941884825334
41,lippard,0.017415558112489564
41,nmsu,0.01662774456476961
41,5mb,0.01581398014865464
41,synchronous,0.01572176976819322
41,dante,0.015714253647976774
41,albuquerque,0.015387941286631913
41,fast,0.014023077301614076
41,20mb,0.012818948016025546
41,carina,0.012771409282492346
41,mac,0.012687068378400057
41,chip,0.012677561556655451
41,10mb,0.01252279126652211
42,gay,0.044772999330327086
42,cramer,0.038983957014498534
42,homosexual,0.03447574848872955
42,optilink,0.03324024300486173
42,men,0.032651934338868406
42,study,0.0258780706176506
42,clayton,0.024273326645060836
42,homosexuals,0.02354789049559674
42,sexual,0.02350612903672182
42,percentage,0.023045367084581953
42,kaldis,0.02246149196943525
42,sex,0.01949754356633177
42,male,0.018824651969720704
42,partners,0.016685101615766876
42,promiscuous,0.016666706972336798
42,homosexuality,0.013390055874490343
42,bi,0.013202862785216611
42,rutgers,0.013067113910872261
42,heterosexual,0.01302249505909604
42,rochester,0.012289504594403047
43,optilink,0.06399357355296041
43,cramer,0.061478174582367734
43,exnet,0.04049559483387651
43,xavier,0.036789990501132186
43,clayton,0.036485824346102
43,walsh,0.03167586825640418
43,molesters,0.03127149192596236
43,land,0.02990912287405639
43,gallagher,0.02750122603127122
43,concentrate,0.024020627054012915
43,straights,0.02375092974185874
43,sex,0.023355952848202098
43,sys1,0.021977227495117005
43,property,0.021225632449578265
43,child,0.020645618316884697
43,uk,0.01849089717879611
43,pyramid,0.01796285560970138
43,consent,0.01696504917769247
43,uunet,0.016699020168409382
43,partners,0.014990213200942801
44,utexas,0.038948639527100454
44,texas,0.02286135974284752
44,austin,0.020036484583593916
44,ccwf,0.01927921355380273
44,cc,0.017317996434050253
44,turpin,0.013791330859497875
44,tamu,0.012845375109100002
44,dcoleman,0.010763528125840924
44,russell,0.010574106760510148
44,utxvms,0.009418087110110808
44,mcguire,0.0092707424229862
44,djk,0.009092780601204668
44,houston,0.008893457176559195
44,cs,0.008160302341488103
44,lady,0.007177656542045849
44,uh,0.007015369688280374
44,keldsen,0.006895749935245884
44,usma,0.006895749935245884
44,geoquest,0.006341911152942051
44,tx,0.00632612786644764
45,callison,0.07189976627157234
45,uoknor,0.05795396506945048
45,uokmax,0.04722703355038089
45,oklahoma,0.03981373472100776
45,ecn,0.038535966844049266
45,james,0.02872119252929062
45,gt,0.02407005050629048
45,mustang,0.02057137149494142
45,sc,0.018103055081257025
45,shelby,0.017895729046357667
45,unforgiven,0.017636139788133946
45,munny,0.017636139788133946
45,aardvark,0.016711022036819147
45,sho,0.016664870531567896
45,microcomputer,0.016543626674283596
45,hunting,0.016416046872777482
45,coordinator,0.016386382901593007
45,forecast,0.016167064045590013
45,bird,0.015909276831388663
45,thunder,0.014998616891761466
46,encryption,0.022642439214746818
46,clipper,0.02231634829596278
46,chip,0.0181743571301486
46,nsa,0.016709930253954532
46,key,0.015806704803083417
46,crypto,0.015510006760024302
46,escrow,0.013795672429790774
46,algorithm,0.012713506469432525
46,keys,0.012334200549976863
46,secret,0.010873463941699312
46,hackers,0.010829216714182424
46,security,0.010380150030775434
46,brad,0.010074961460161352
46,government,0.010000641910417229
46,phones,0.009870305992073947
46,spooks,0.00883214422980532
46,sternlight,0.008753997788506778
46,privacy,0.007789347086391963
46,hacker,0.007762771441126078
46,eff,0.007674148104445247
47,gun,0.039437614129175076
47,guns,0.023649442443145968
47,revolver,0.014106694583574851
47,manes,0.01391814936887329
47,000,0.012889103723030716
47,firearms,0.011017385070366498
47,handgun,0.010772198445952586
47,control,0.010755932330836613
47,semi,0.010323497682253676
47,weapons,0.01019092459399534
47,crime,0.009694557368415124
47,linknet,0.009215878236430705
47,magpie,0.009190745369207418
47,criminals,0.009180406919990896
47,knife,0.008728330960140876
47,militia,0.008536472821169854
47,deaths,0.008524984989137434
47,rate,0.008014012552424071
47,safety,0.007897133781513447
47,handguns,0.007538659557813022
48,intercon,0.049139241019763545
48,amanda,0.044670635524694996
48,clipper,0.02908736088820308
48,escrow,0.02675772989103636
48,vinge,0.025109409106552294
48,crypto,0.024586910773052455
48,nixon,0.02383342977664423
48,walker,0.02357262549419093
48,key,0.01860537958184364
48,feds,0.017050985378122687
48,secret,0.016987118588327577
48,mykotronx,0.01692418444883729
48,encryption,0.016750276080449635
48,vernor,0.01571993765651968
48,jef,0.015577648439494364
48,holland,0.015561622655770416
48,netcom,0.015527791101562462
48,cellular,0.01452975499360524
48,hesse,0.014340344178009695
48,jhesse,0.014203025411899755
49,encryption,0.00833176141068742
49,tapped,0.007984441137105839
49,clipper,0.007380197818156673
49,beckman,0.006401154859269806
49,iran,0.006092784759008536
49,rwing,0.005855645371746159
49,rushdie,0.005602219828325512
49,government,0.005429429093628244
49,pat,0.005213223367303872
49,key,0.005158189065205417
49,administration,0.004970243199579341
49,trust,0.0049681214826982475
49,chip,0.004681447680189906
49,clinton,0.004652308097176539
49,privacy,0.004531509776494071
49,gulf,0.00444294150270784
49,na,0.00443071109995497
49,protect,0.004428125766811757
49,security,0.004351436629879374
49,code,0.004177681995990495
50,homosexuality,0.06225419721570597
50,homosexual,0.04273078323975908
50,christians,0.02155935031582665
50,sex,0.021408036198576313
50,paul,0.018698379245917343
50,issues,0.017652955931217792
50,christianity,0.017468046852465446
50,verses,0.017423449762841912
50,homosexuals,0.016093581285076868
50,gay,0.015620979375158694
50,bestiality,0.015382934325481195
50,sin,0.014536020272149494
50,sexual,0.013025308824307196
50,god,0.012954440626138649
50,intercourse,0.012858645153742783
50,bible,0.01173687540181666
50,love,0.011496429579541617
50,heterosexual,0.010640760176142922
50,christian,0.010271077172011903
50,behavior,0.010067946793830317
51,roby,0.037557363638524514
51,fbi,0.029009005810547262
51,udel,0.026354654440614925
51,chopin,0.021535547345849754
51,batf,0.019821748173985285
51,compound,0.018252863743435228
51,waco,0.017629111363508275
51,koresh,0.017198288262688516
51,children,0.0166233317469853
51,murders,0.014390406023583054
51,handheld,0.013723175292556228
51,scott,0.011632394186734226
51,today,0.011521448567964304
51,inside,0.010094249899352923
51,colorado,0.009820529912011575
51,locutus,0.00970154936281727
51,janet,0.009588417683070782
51,cult,0.009500647204415472
51,killed,0.009490013082245917
51,reno,0.009296794395293389
52,fbi,0.038931760578596236
52,atf,0.03581979655587424
52,dividian,0.03151897499369465
52,ranch,0.031219584462540584
52,survivors,0.030654016013247763
52,burns,0.026905809700951428
52,burning,0.021829156907963245
52,fires,0.020406044373961058
52,nodak,0.019761828856295103
52,building,0.018625404225751443
52,compound,0.017171493932542803
52,flee,0.016431682816828927
52,davidians,0.0156248302651003
52,lamp,0.015602818338702943
52,reported,0.015386426411440703
52,napalm,0.0152749247863974
52,actions,0.015256654615429128
52,started,0.014137023239051225
52,waffle,0.013855378481488672
52,wait,0.013663388437738436
53,islam,0.06801548441424674
53,qur,0.039143090930379744
53,hadith,0.03661297403012865
53,jaeger,0.0318132443702424
53,rushdie,0.030692077236421474
53,halat,0.030651510703022997
53,bu,0.02595990266306055
53,muslims,0.024122757743131974
53,islamic,0.022764591875426843
53,monash,0.020973158761613174
53,apostasy,0.020537071035402372
53,buphy,0.02033539556066756
53,sarajevo,0.019918076985846293
53,muslim,0.019872615243233836
53,anecdote,0.018421700204400693
53,situation,0.018287374142284898
53,prophet,0.01784783108455035
53,principles,0.01713390697489267
53,darice,0.016519555765289594
53,khomeini,0.016433392791415428
54,bank,0.049206423566716236
54,islamic,0.044467714872193635
54,islam,0.042515052279471006
54,sgi,0.03140503815432699
54,livesey,0.031143359239134246
54,solntze,0.026597125978404582
54,wpd,0.025984383625899707
54,jon,0.024722570606867337
54,wesleyan,0.022081449485145163
54,misisipi,0.02054896696395819
54,bcci,0.020380832881054422
54,monash,0.01920861759059839
54,mozumder,0.018800146288429215
54,nile,0.017552689917250456
54,ultb,0.016730250081921617
54,depositors,0.016439173571166553
54,quran,0.016109619444257154
54,jaeger,0.015782374273411805
54,atheism,0.015431529880521943
54,west,0.015407684754398627
55,lebanese,0.05499445991912967
55,lebanon,0.052841647238875994
55,israel,0.051357820798937144
55,hernlem,0.045957765264742656
55,israeli,0.04188085481497007
55,hezbollah,0.03855097562480034
55,amehdi,0.03636918447819323
55,honeywell,0.03269872645087096
55,villages,0.032085676955101984
55,attacks,0.02624841802959322
55,ncsu,0.025148093952014672
55,src,0.02457813532453255
55,chess,0.023350413370540894
55,brad,0.02276410491621665
55,syria,0.022167348853349218
55,civilians,0.021958802594421095
55,guerillas,0.021379936525569476
55,hossien,0.02006089999014729
55,arab,0.019308422287283866
55,israelis,0.017999507950939908
56,israel,0.031687285882433934
56,israeli,0.027751902641859713
56,jewish,0.02363368018419079
56,jews,0.020480042387820536
56,palestinian,0.018378699423878896
56,arab,0.018321578587260808
56,gaza,0.016350779864693132
56,cpr,0.015810920100282108
56,igc,0.012441688442819775
56,arabs,0.0122047314315402
56,palestine,0.011815797622266132
56,palestinians,0.011701334776902108
56,apc,0.011428604723666023
56,jew,0.011088684561945972
56,zionism,0.011008966781265922
56,zionist,0.010925335790540556
56,policy,0.010647297848275273
56,uci,0.009542891876019395
56,jake,0.008735253497849552
56,land,0.008405476118051976
57,israel,0.03476710809720175
57,negev,0.028164465211230897
57,jews,0.026166404779753974
57,gaza,0.02387501333123067
57,israeli,0.022602278852605153
57,bedouin,0.02221332036405809
57,arab,0.018979974501582716
57,land,0.018054456585250254
57,jewish,0.017177976727957657
57,zbib,0.016768919914382535
57,arabs,0.016681335128038672
57,adam,0.015636125232790083
57,witsend,0.015268644873388552
57,jake,0.01488084022159535
57,zionism,0.014757401884901523
57,palestinians,0.014546194345142776
57,jerusalem,0.014242573733800244
57,tnet,0.013043599316905881
57,cpr,0.013032827589873256
57,gazans,0.011899190752620761
58,satan,0.07372711746105196
58,heaven,0.0394632548932239
58,god,0.03865205822911523
58,kicked,0.029522412474597984
58,evil,0.026948197903768296
58,thou,0.025191809834875192
58,thee,0.024922767847178128
58,angels,0.024811565893870288
58,hell,0.02411894450533609
58,thy,0.023757164292594155
58,biblical,0.01841446935345696
58,bible,0.01832672453524923
58,eze,0.017976682671596786
58,devil,0.015940467797042945
58,angel,0.014994715924137402
58,12,0.014755191904912847
58,physical,0.014183597775693885
58,easteee,0.01369018118205148
58,unbelievers,0.013253015019021989
58,athos,0.013055577725052114
59,livesey,0.031283861784780445
59,atheism,0.0289978388363336
59,sgi,0.027920661343599815
59,genocide,0.025798021685977536
59,solntze,0.02227822403510176
59,wpd,0.021764980182514732
59,frank,0.02034741699627942
59,jon,0.020288871674240413
59,led,0.01857757303334568
59,dwyer,0.01841207749903691
59,excitable,0.01823366012050809
59,gullible,0.017728757274940676
59,tut,0.017568681423559825
59,d012s658,0.017371917266860604
59,caused,0.017025233240606404
59,easily,0.01692522244625821
59,aario,0.015742411619383365
59,a137490,0.015742411619383365
59,mchp,0.015200393755597215
59,sni,0.014952254659808968
60,jesus,0.018851742475686505
60,god,0.018475370531246288
60,bible,0.011942980666063079
60,church,0.011483965356032508
60,christ,0.011474788587356007
60,christian,0.011362649983277937
60,faith,0.010832062571063988
60,christians,0.010732769925817974
60,sin,0.00879086781543021
60,christianity,0.0077601079158598875
60,truth,0.007041231209548737
60,love,0.006937215489956428
60,believe,0.006924329902154384
60,life,0.006613826566171666
60,heaven,0.006316700009021838
60,sandvik,0.006120501659461537
60,scripture,0.00609662807659556
60,catholic,0.005920532679966131
60,holy,0.0057976924608958876
60,baptism,0.00548387873676246
61,mouse,0.19962347447172105
61,motion,0.038403313223902384
61,jumpy,0.035205283729617176
61,smoothly,0.03408857839084346
61,jump,0.0310853124993983
61,byu,0.030786194331317848
61,ecktons,0.026581393837764873
61,eckton,0.026364679472494927
61,stuttgart,0.023433153829903526
61,sys,0.02323371973965017
61,tridom,0.022719557282696194
61,windows,0.022310487785634874
61,microsoft,0.021717735587668076
61,loaded,0.02056267503712957
61,ms,0.019984497674362105
61,jumps,0.018727846722498255
61,driver,0.01858461968977727
61,cti,0.018120453534195457
61,sean,0.017613493601899056
61,smooth,0.01728212742358268
62,92,0.017519759536484443
62,vitamin,0.01358581310921614
62,pain,0.013335310138654589
62,doctor,0.012351531792317393
62,geb,0.010031423855367061
62,gordon,0.009451966152334896
62,medical,0.009405935914295458
62,pitt,0.009336599842488693
62,banks,0.009244424439608772
62,hiv,0.008390755418423256
62,patients,0.00821509598993477
62,pms,0.008048694430972066
62,infection,0.0077924022109228065
62,12,0.007701976544408564
62,kidney,0.007600549521949394
62,magnesium,0.007573201795899655
62,disease,0.007440873906794593
62,symptoms,0.007401041118034607
62,treatment,0.00682702662150497
62,food,0.00677535526426341
63,windows,0.009831898334939344
63,problem,0.00882981914742482
63,help,0.006831620290169999
63,thanks,0.006734081506350093
63,disk,0.006045845392191861
63,error,0.005976251096682247
63,files,0.005788985386472938
63,screen,0.005444207315041768
63,program,0.0053663550793988275
63,dos,0.005330385630451146
63,file,0.005050371048895534
63,drive,0.004781345820237233
63,widget,0.004763918177140203
63,machine,0.0047096169246796556
63,problems,0.004638051692523188
63,computer,0.004561805012994953
63,using,0.004409659895612582
63,allocation,0.004255691171323419
63,running,0.0042536356417523045
63,window,0.004142219677788027
64,israeli,0.045430951293061315
64,hernlem,0.027561255508750156
64,hezbollah,0.024479303215679225
64,soldiers,0.023754068357332545
64,civilians,0.02370397903101745
64,israelis,0.021049187615613377
64,israel,0.02063281804623016
64,lebanese,0.020470740043061705
64,dorin,0.01780936595109977
64,killed,0.017761575540403387
64,human,0.016762675192008605
64,terrorists,0.015970069280756522
64,solution,0.015740207961874468
64,hamza,0.015609199637618284
64,brad,0.014626954033843181
64,cosar,0.014581120244444964
64,occupied,0.014385794419104222
64,condone,0.014167174929887484
64,donot,0.013414417278488338
64,missile,0.013357024463324827
65,atheists,0.037544819859126444
65,keith,0.02245207080411373
65,atheist,0.0223270256744643
65,atheism,0.018975493137593752
65,livesey,0.017975513206526912
65,morality,0.015956115409751153
65,caltech,0.01572078067252514
65,moral,0.014281542259455868
65,god,0.014228627052810397
65,solntze,0.01380420605135592
65,sgi,0.013791940698159588
65,wpd,0.013486185912742536
65,schneider,0.012982340588104812
65,faith,0.01112213982850089
65,jon,0.010857246090274164
65,bake,0.010826390746933316
65,allan,0.010618625478656031
65,animals,0.010416788759229691
65,timmons,0.01022992160955948
65,religion,0.010011283477265041
66,limbaugh,0.02676339953829144
66,istanbul,0.015051062753402896
66,cruel,0.012564851715122156
66,virginia,0.01077535507833687
66,keith,0.010013885077169524
66,ankara,0.009541194683350298
66,hitler,0.00950022392490372
66,media,0.009210760588814662
66,israeli,0.008875459499799537
66,nlns,0.008306763724161777
66,osmanli,0.007771531619594408
66,mr,0.007657794387376734
66,andi,0.007620110792448464
66,ermeni,0.007485218143583403
66,american,0.007137345704832954
66,liberal,0.00672733661604782
66,painful,0.006555100116630474
66,government,0.006308703491004257
66,motto,0.006307057339486301
66,beyer,0.006270297991463898
67,colorado,0.041724872744516604
67,boulder,0.018069718813305054
67,psychoactives,0.015559565587712166
67,eye,0.015231929366555241
67,spot,0.015029086315064007
67,language,0.014127124134182632
67,koberg,0.013367094907740297
67,ucsu,0.012151365921205923
67,bowmanj,0.012034585967258711
67,angels,0.01150637213639147
67,alt,0.011351549236924576
67,gm,0.01102260404924011
67,angelic,0.009919741906929905
67,rickert,0.009767546946621113
67,tongues,0.009700789801044244
67,nootropics,0.009220781256633209
67,csn,0.009150549021614626
67,pena,0.009028591092802535
67,bowman,0.009016063170041489
67,insurance,0.008328290861700354
68,infante,0.07147615645428802
68,duke,0.06257470408508171
68,acpub,0.04417611622120714
68,eos,0.03687569236377851
68,ncsu,0.030689262640040654
68,durham,0.02850149124514689
68,drunk,0.025180259638020758
68,2426,0.02362396061974488
68,r60,0.022718909496629733
68,storrs,0.022092751672369317
68,fmsalvat,0.020999076106439894
68,dammit,0.020134344596323524
68,joan,0.019655251097835356
68,north1,0.019146048437582004
68,dwi,0.019030953803113274
68,svoboda,0.01707133721656005
68,triumf,0.016710178042450785
68,salvatore,0.016262477377984485
68,sutherland,0.016253771365263927
68,andrew,0.01589575786532089
69,dib,0.02001715036729593
69,image,0.016258020434396805
69,berkeley,0.015556419495981145
69,stanford,0.014040540452685376
69,centaur,0.013029082259786908
69,dword,0.012448828058076657
69,bitmapinfoheader,0.012448828058076657
69,ku,0.010729832449236277
69,nubus,0.010638008777137092
69,images,0.010102839949356604
69,powerpc,0.010050460655485033
69,bitmapfileheader,0.009896545316279015
69,ucsd,0.009510569938218593
69,spl,0.009429394475346691
69,field,0.009367864295045708
69,palette,0.008970571393286435
69,pds,0.008585215628967592
69,california,0.008568183093880166
69,jagr,0.008523518817282992
69,byte,0.007681633768505627
70,uiuc,0.015956346887052893
70,indiana,0.015654765486477613
70,800,0.012411411089133411
70,cso,0.011663647321443864
70,greeks,0.01141725573946124
70,ucs,0.009555277156966366
70,uchicago,0.008681855554446477
70,uxh,0.008423564302427433
70,turkey,0.008396169288563845
70,greece,0.008381693633924244
70,tankut,0.008246229113569755
70,purdue,0.008077396765672675
70,irvine,0.007929355944477967
70,thf2,0.007809051422122194
70,greek,0.0075465201680647315
70,umich,0.0074061359414511795
70,napoleon,0.007193665286088216
70,silver,0.007169902651605089
70,illinois,0.0066874670787810545
70,iastate,0.006551078575564653
71,bike,0.03273719223061491
71,bmw,0.025514222823171045
71,motorcycle,0.01758486160385432
71,bikes,0.012276529610676195
71,dod,0.011940550830832368
71,ride,0.01158213587319549
71,honda,0.011393250302745883
71,rider,0.010408523344081426
71,helmet,0.010050789058778882
71,riding,0.009688483975136358
71,motorcycles,0.00899273606122408
71,grips,0.008972885844896895
71,advice,0.00805816985570808
71,miles,0.007239620825683508
71,list,0.006515355534233121
71,shaft,0.0063942185207249876
71,805,0.006027808783797503
71,karr,0.005769922208451011
71,buying,0.005726724955746163
71,cactus,0.0056643350555048945
72,car,0.022291959290029868
72,cars,0.01797008200410014
72,ford,0.017315164538021777
72,v6,0.01495872130807447
72,dealer,0.014522396064147297
72,v8,0.01437366313325473
72,engine,0.012292243474859568
72,toyota,0.012116181576510995
72,infiniti,0.010036053128118411
72,lexus,0.009333432508318872
72,engines,0.00916050254258774
72,srl,0.008770010262302399
72,liter,0.008510090620528954
72,slee01,0.008377596986005006
72,cdac,0.008210228731904152
72,blah,0.008177754782842606
72,price,0.008017366249152521
72,v12,0.0076590815584760595
72,ole,0.007362817815833735
72,v4,0.007255071706493847
73,mac,0.019750292100796596
73,card,0.012932313808980796
73,keyboard,0.012761580816527113
73,video,0.0122411190190149
73,monitor,0.012230663967498405
73,thanks,0.010040302157084015
73,intel,0.009179771707057829
73,apple,0.008941794603046295
73,rom,0.008860792306323528
73,drive,0.00879222998303322
73,cyrix,0.008423577329026715
73,mb,0.007581816661122987
73,pc,0.007293106260372666
73,info,0.007271626914791053
73,sync,0.007183692950797113
73,advance,0.007108496963025838
73,printers,0.007016784212815905
73,disk,0.007008602949576468
73,upgrade,0.006831883990865781
73,ram,0.006807027058233209
74,sale,0.024540149083574086
74,00,0.019630318825141543
74,car,0.010808865765451219
74,price,0.009505383771431926
74,offer,0.009420445809476591
74,shipping,0.009344820131986543
74,condition,0.008960622135843737
74,cd,0.007027093902958705
74,50,0.006562532424865476
74,20,0.006549732527767935
74,interested,0.006385026351655575
74,dos,0.006267748966016728
74,10,0.006239351825812363
74,sell,0.006208313742692991
74,asking,0.006136458723860935
74,distribution,0.00557084633908737
74,new,0.005521968943787572
74,25,0.005305117386253939
74,usa,0.0051710070480917615
74,40,0.0051431628251710415
75,fi,0.06548958455185314
75,finland,0.05218018393270309
75,hut,0.040233583477911866
75,abo,0.025410456913352718
75,helsinki,0.02341129300990811
75,ericsson,0.016188233387525394
75,mlindroos,0.01603904006669913
75,arena,0.01598033284019912
75,se,0.015838471559135738
75,german,0.015481307014884205
75,snakemail,0.015335985512501588
75,pkortela,0.015335985512501588
75,team,0.014959869534391844
75,dusseldorf,0.014802453708805622
75,en,0.014623894137825616
75,lindroos,0.014380207923796483
75,kortelainen,0.014053640248596776
75,skulle,0.014053640248596776
75,petteri,0.014053640248596776
75,finabo,0.01402500130110868
76,candida,0.03191539398697913
76,ocom,0.023088621681032994
76,medicine,0.022878623285314623
76,okstate,0.02143398925481134
76,yeast,0.020139898104916662
76,blooms,0.017875777099770496
76,osteopathic,0.016774077497002517
76,patients,0.01575209582130756
76,bacteria,0.015014342698655685
76,vms,0.01466122787999363
76,vaginal,0.014426527686225469
76,acidophilus,0.014145058545713652
76,banschbach,0.01357790841056515
76,medical,0.01323138676077531
76,infections,0.012592278981935892
76,homeopathy,0.012493403567584136
76,systemic,0.012420171529114203
76,yogurt,0.012409630069864445
76,quack,0.012001876481088098
76,gant,0.011967150272150416
77,windows,0.01213635558072828
77,graphics,0.01175353224507443
77,3d,0.008603162990163338
77,thanks,0.00847454189852777
77,file,0.00831249253864194
77,program,0.007872376097482743
77,motif,0.007444516235966612
77,looking,0.007011750071364614
77,window,0.007010987620853277
77,drawing,0.006401623886758942
77,format,0.0061758774003880055
77,___,0.006143575659976942
77,display,0.0058830393859426715
77,pc,0.005843759902079763
77,code,0.005839715579845996
77,unix,0.005754540813819319
77,files,0.005624513673613415
77,using,0.005587370061980087
77,hi,0.005544534922130115
77,application,0.005475539946810503
78,elin,0.022694593595974498
78,ftms,0.022601627348786162
78,rainer,0.022202536472591804
78,postscript,0.018998661567433316
78,pageview,0.01859765044023117
78,copy,0.01853056090360259
78,dsc,0.017933495448997392
78,irq,0.017847427222980532
78,brown,0.014804259813427204
78,claebaur,0.01456448430762024
78,compliant,0.014521500522248603
78,vidiot,0.01446483923129091
78,rms,0.013228271675308647
78,89100,0.012983109999743428
78,portal,0.0126488034008318
78,filenames,0.0125734217170368
78,disks,0.012460894796503304
78,ow,0.01238839984930905
78,file,0.011966266377762415
78,howtek,0.011654005643758058
79,health,0.006471850556905527
79,1993,0.005726666631781781
79,privacy,0.005152771398126103
79,eff,0.005006842386710113
79,tobacco,0.004451411932611659
79,apr,0.004217583469080981
79,slave,0.004132939995216413
79,40,0.004111573136191999
79,master,0.0040829924603849365
79,hicnet,0.0040719074966993575
79,internet,0.0040513637185331354
79,newsletter,0.004031272132085101
79,00,0.003907326722293589
79,org,0.0037616190681050246
79,number,0.0036993134128892654
79,mitre,0.003698047399285119
79,pub,0.0036094492120606245
79,medical,0.003576690841196493
79,april,0.0035451024886838747
79,smokeless,0.003467913793312858
